Age,Gender,Occupation,Daily_Screen_Time_Hours,Sleep_Hours_Per_Night,Exercise_Frequency,Social_Interactions_Per_Week,Self_Reported_Stress_Level,Meditation_Practice,Caffeine_Intake_Daily,BMI_Category,Has_Chronic_Condition,Exercise_Frequency_Num,Meditation_Num,Caffeine_Num,BMI_Num,wellbeing_index,risk_behaviour_score
56,Prefer not to say,Student,5.7,4.1,1-2x/week,13,2,No,1 cup,Obese,No,1.0,0,1.0,1,0.22938596491228067,7.7
69,Male,Unemployed,4.3,5.0,,2,8,No,1 cup,Normal,No,,0,1.0,0,,5.3
46,Female,Unemployed,14.0,6.1,,11,10,No,2-3 cups,Normal,No,,0,2.0,0,,16.0
32,Female,Healthcare,2.5,6.4,,8,6,No,1 cup,Overweight,No,,0,1.0,2,,5.5
60,Female,Student,10.8,6.1,3-5x/week,6,6,No,4+ cups,Normal,No,2.0,0,3.0,0,0.42894736842105263,13.8
25,Female,Engineer,3.6,5.2,1-2x/week,8,10,No,1 cup,Normal,Yes,1.0,0,1.0,0,0.41637426900584795,4.6
78,Female,Remote Worker,13.3,7.6,Daily,12,7,No,1 cup,Normal,Yes,3.0,0,1.0,0,0.7023391812865496,14.3
38,Male,Remote Worker,14.5,10.4,3-5x/week,17,7,No,,Normal,Yes,2.0,0,,0,0.7209064327485379,
56,Male,Unemployed,7.5,5.5,,4,6,No,1 cup,Normal,Yes,,0,1.0,0,,8.5
75,Female,Healthcare,13.3,11.5,1-2x/week,12,4,Yes,2-3 cups,Normal,No,1.0,1,2.0,0,0.4773391812865497,15.3
36,Female,Remote Worker,1.1,10.9,1-2x/week,3,9,No,2-3 cups,Normal,Yes,1.0,0,2.0,0,0.481140350877193,3.1
40,Female,Student,12.5,4.5,1-2x/week,1,6,Yes,1 cup,Normal,No,1.0,1,1.0,0,0.19371345029239767,13.5
28,Non-binary,Unemployed,4.2,10.1,3-5x/week,15,4,No,1 cup,Normal,No,2.0,0,1.0,0,0.6029239766081871,5.2
28,Female,Engineer,13.7,8.2,3-5x/week,8,3,No,2-3 cups,Normal,No,2.0,0,2.0,0,0.4302631578947368,15.7
41,Female,Unemployed,1.0,8.1,3-5x/week,8,4,No,4+ cups,Overweight,Yes,2.0,0,3.0,2,0.4552631578947368,6.0
70,Female,Engineer,8.8,6.5,,5,3,No,,Underweight,No,,0,,3,,
53,Female,Unemployed,11.6,7.5,,10,2,Yes,1 cup,Normal,No,,1,1.0,0,,12.6
57,Female,Unemployed,4.6,6.6,3-5x/week,0,5,Yes,1 cup,Overweight,No,2.0,1,1.0,2,0.3361111111111111,7.6
41,Female,Unemployed,3.7,7.9,,3,2,No,2-3 cups,Normal,No,,0,2.0,0,,5.7
20,Female,Engineer,2.2,8.7,1-2x/week,12,6,Yes,,Normal,No,1.0,1,,0,0.4551169590643275,
39,Male,Engineer,5.6,9.1,,12,3,No,1 cup,Overweight,No,,0,1.0,2,,8.6
70,Male,Unemployed,8.8,7.8,1-2x/week,12,6,No,2-3 cups,Normal,No,1.0,0,2.0,0,0.43011695906432745,10.8
19,Male,Remote Worker,2.6,9.5,,1,10,No,,Overweight,No,,0,,2,,
41,Female,Healthcare,6.3,4.3,1-2x/week,8,9,No,1 cup,Overweight,Yes,1.0,0,1.0,2,0.36359649122807014,9.3
61,Male,Healthcare,1.1,4.9,Daily,7,1,Yes,1 cup,Overweight,No,3.0,1,1.0,2,0.39488304093567256,4.1
47,Female,Healthcare,12.5,10.4,,6,6,No,1 cup,Normal,Yes,,0,1.0,0,,13.5
55,Female,Engineer,2.8,5.9,,3,9,No,1 cup,Normal,No,,0,1.0,0,,3.8
19,Male,Engineer,5.0,3.2,1-2x/week,17,4,Yes,1 cup,Normal,No,1.0,1,1.0,0,0.31257309941520467,6.0
77,Female,Remote Worker,1.3,4.4,3-5x/week,2,2,No,,Normal,No,2.0,0,,0,0.21798245614035092,
38,Male,Healthcare,7.1,5.0,,5,4,Yes,1 cup,Normal,No,,1,1.0,0,,8.1
50,Male,Healthcare,12.8,11.6,1-2x/week,11,1,No,2-3 cups,Normal,No,1.0,0,2.0,0,0.38362573099415204,14.8
29,Female,Unemployed,6.5,8.2,,11,3,No,2-3 cups,Normal,No,,0,2.0,0,,8.5
75,Male,Engineer,3.5,11.4,3-5x/week,7,10,Yes,,Underweight,No,2.0,1,,3,0.7004385964912281,
39,Male,Healthcare,11.6,8.2,1-2x/week,0,9,No,,Normal,No,1.0,0,,0,0.36666666666666664,
78,Female,Remote Worker,12.0,7.3,3-5x/week,3,10,No,1 cup,Normal,Yes,2.0,0,1.0,0,0.5339181286549707,13.0
61,Female,Remote Worker,3.4,5.8,Daily,10,5,No,1 cup,Overweight,No,3.0,0,1.0,2,0.5704678362573099,6.4
42,Male,Healthcare,11.8,8.5,,2,6,No,1 cup,Underweight,No,,0,1.0,3,,15.8
66,Female,Engineer,14.3,4.3,3-5x/week,12,3,No,2-3 cups,Normal,Yes,2.0,0,2.0,0,0.3745614035087719,16.3
44,Male,Remote Worker,3.3,11.1,,16,5,Yes,,Obese,No,,1,,1,,
76,Male,Unemployed,11.8,10.5,3-5x/week,9,8,No,,Normal,Yes,2.0,0,,0,0.6461988304093567,
59,Female,Remote Worker,10.9,5.9,1-2x/week,11,6,Yes,1 cup,Normal,No,1.0,1,1.0,0,0.3641812865497076,11.9
45,Female,Student,7.6,11.6,3-5x/week,14,4,No,2-3 cups,Underweight,No,2.0,0,2.0,3,0.6314327485380117,12.6
77,Female,Student,1.8,10.4,,9,2,No,,Overweight,No,,0,,2,,
33,Female,Engineer,2.0,9.0,,13,9,No,2-3 cups,Normal,Yes,,0,2.0,0,,4.0
32,Prefer not to say,Healthcare,12.9,4.1,1-2x/week,12,1,No,1 cup,Normal,Yes,1.0,0,1.0,0,0.1884502923976608,13.9
79,Female,Engineer,14.9,7.3,1-2x/week,4,1,Yes,2-3 cups,Normal,Yes,1.0,1,2.0,0,0.17207602339181283,16.9
79,Male,Engineer,10.5,7.6,,5,4,No,2-3 cups,Overweight,No,,0,2.0,2,,14.5
64,Female,Engineer,7.2,5.1,1-2x/week,1,7,Yes,1 cup,Normal,No,1.0,1,1.0,0,0.238157894736842,8.2
79,Male,Engineer,10.1,3.7,,16,1,Yes,1 cup,Underweight,No,,1,1.0,3,,14.1
68,Male,Unemployed,9.3,10.0,1-2x/week,3,9,Yes,1 cup,Overweight,No,1.0,1,1.0,2,0.456140350877193,12.3
61,Male,Unemployed,6.4,4.1,3-5x/week,13,4,No,1 cup,Normal,No,2.0,0,1.0,0,0.4099415204678362,7.4
72,Male,Remote Worker,1.9,8.3,1-2x/week,9,3,Yes,2-3 cups,Overweight,No,1.0,1,2.0,2,0.32119883040935676,5.9
69,Prefer not to say,Student,12.5,11.4,,2,1,Yes,2-3 cups,Normal,No,,1,2.0,0,,14.5
74,Female,Engineer,6.2,10.9,1-2x/week,2,10,Yes,2-3 cups,Overweight,No,1.0,1,2.0,2,0.4957602339181286,10.2
20,Female,Remote Worker,12.5,5.5,,14,4,Yes,2-3 cups,Normal,No,,1,2.0,0,,14.5
54,Male,Student,4.5,10.7,Daily,5,9,No,1 cup,Overweight,No,3.0,0,1.0,2,0.7519005847953216,7.5
68,Male,Healthcare,1.0,3.0,,16,10,No,,Obese,Yes,,0,,1,,
24,Male,Unemployed,3.2,3.2,3-5x/week,11,6,No,2-3 cups,Normal,No,2.0,0,2.0,0,0.41418128654970765,5.2
38,Male,Student,7.6,8.4,Daily,19,6,No,1 cup,Normal,Yes,3.0,0,1.0,0,0.788888888888889,8.6
26,Female,Healthcare,14.2,6.3,3-5x/week,10,1,Yes,2-3 cups,Normal,No,2.0,1,2.0,0,0.3482456140350877,16.2
56,Female,Student,2.4,6.5,1-2x/week,3,10,No,1 cup,Normal,No,1.0,0,1.0,0,0.38669590643274854,3.4
35,Female,Unemployed,13.0,8.1,3-5x/week,5,2,No,,Normal,No,2.0,0,,0,0.36023391812865496,
21,Male,Unemployed,8.4,4.7,Daily,0,6,Yes,4+ cups,Normal,No,3.0,1,3.0,0,0.4361111111111111,11.4
42,Prefer not to say,Remote Worker,12.6,4.9,1-2x/week,19,2,Yes,,Normal,Yes,1.0,1,,0,0.3305555555555556,
77,Female,Engineer,5.2,7.4,1-2x/week,15,3,Yes,4+ cups,Normal,No,1.0,1,3.0,0,0.37514619883040934,8.2
31,Female,Student,12.8,9.8,1-2x/week,14,4,Yes,4+ cups,Normal,No,1.0,1,3.0,0,0.45643274853801175,15.8
67,Female,Student,11.8,8.6,1-2x/week,16,5,No,2-3 cups,Overweight,No,1.0,0,2.0,2,0.47719298245614034,15.8
75,Male,Healthcare,4.2,5.7,1-2x/week,7,9,No,2-3 cups,Underweight,No,1.0,0,2.0,3,0.38932748538011697,9.2
26,Male,Unemployed,2.8,6.9,1-2x/week,11,4,Yes,1 cup,Underweight,No,1.0,1,1.0,3,0.3364035087719298,6.8
43,Male,Student,13.2,4.5,,9,9,Yes,2-3 cups,Normal,No,,1,2.0,0,,15.2
70,Female,Unemployed,14.5,3.7,,14,10,No,1 cup,Normal,No,,0,1.0,0,,15.5
19,Male,Student,1.4,10.0,,8,3,Yes,1 cup,Normal,Yes,,1,1.0,0,,2.4
37,Male,Remote Worker,11.2,5.4,,1,8,No,2-3 cups,Normal,No,,0,2.0,0,,13.2
45,Male,Engineer,13.7,4.6,,4,1,No,1 cup,Normal,No,,0,1.0,0,,14.7
64,Male,Student,13.0,9.2,1-2x/week,5,9,Yes,1 cup,Overweight,No,1.0,1,1.0,2,0.46023391812865494,16.0
77,Female,Unemployed,14.5,8.6,,6,9,Yes,1 cup,Underweight,No,,1,1.0,3,,18.5
24,Female,Remote Worker,11.6,8.7,3-5x/week,0,10,No,1 cup,Overweight,No,2.0,0,1.0,2,0.5333333333333333,14.6
61,Female,Student,7.2,5.1,,6,2,No,2-3 cups,Overweight,No,,0,2.0,2,,11.2
78,Male,Healthcare,5.4,5.1,,19,4,No,1 cup,Overweight,No,,0,1.0,2,,8.4
25,Female,Engineer,5.5,5.0,3-5x/week,11,8,No,4+ cups,Obese,Yes,2.0,0,3.0,1,0.5197368421052632,9.5
64,Female,Student,11.1,4.6,1-2x/week,15,7,Yes,2-3 cups,Underweight,No,1.0,1,2.0,3,0.40847953216374266,16.1
52,Male,Remote Worker,11.4,8.9,,15,1,No,2-3 cups,Normal,Yes,,0,2.0,0,,13.4
31,Male,Healthcare,3.8,10.6,3-5x/week,10,5,No,1 cup,Overweight,Yes,2.0,0,1.0,2,0.5788011695906432,6.8
34,Male,Remote Worker,13.2,9.5,3-5x/week,3,7,Yes,2-3 cups,Normal,No,2.0,1,2.0,0,0.5116959064327485,15.2
53,Female,Remote Worker,11.0,10.1,1-2x/week,12,4,No,,Normal,No,1.0,0,,0,0.43845029239766076,
67,Female,Healthcare,8.9,6.6,1-2x/week,6,1,Yes,2-3 cups,Overweight,No,1.0,1,2.0,2,0.17894736842105263,12.9
57,Male,Remote Worker,7.6,8.9,Daily,3,9,No,,Overweight,No,3.0,0,,2,0.6755847953216374,
21,Male,Healthcare,8.6,6.2,1-2x/week,14,5,Yes,2-3 cups,Obese,No,1.0,1,2.0,1,0.38421052631578945,11.6
19,Female,Student,3.2,7.7,1-2x/week,18,2,No,4+ cups,Obese,No,1.0,0,3.0,1,0.3951754385964912,7.2
79,Female,Healthcare,3.9,7.3,3-5x/week,8,8,No,1 cup,Overweight,No,2.0,0,1.0,2,0.5441520467836256,6.9
23,Female,Healthcare,2.3,4.6,,10,2,No,1 cup,Normal,No,,0,1.0,0,,3.3
71,Female,Engineer,3.2,6.5,1-2x/week,7,3,Yes,2-3 cups,Overweight,No,1.0,1,2.0,2,0.24488304093567254,7.2
59,Male,Healthcare,7.4,11.7,,0,10,No,1 cup,Underweight,No,,0,1.0,3,,11.4
21,Male,Healthcare,8.4,5.2,3-5x/week,7,1,No,2-3 cups,Normal,No,2.0,0,2.0,0,0.27821637426900586,10.4
71,Female,Student,1.3,4.2,1-2x/week,12,2,No,,Overweight,Yes,1.0,0,,2,0.21900584795321637,
46,Male,Engineer,12.2,6.8,1-2x/week,3,7,No,,Normal,No,1.0,0,,0,0.3116959064327485,
35,Female,Unemployed,5.1,10.1,,7,10,No,4+ cups,Normal,No,,0,3.0,0,,8.1
43,Non-binary,Student,13.8,8.2,,2,2,No,2-3 cups,Normal,No,,0,2.0,0,,15.8
61,Female,Student,14.5,9.1,1-2x/week,8,6,No,2-3 cups,Overweight,Yes,1.0,0,2.0,2,0.4135964912280702,18.5
51,Male,Unemployed,3.6,4.7,3-5x/week,1,3,No,1 cup,Normal,No,2.0,0,1.0,0,0.2409356725146199,4.6
27,Female,Healthcare,7.5,8.6,1-2x/week,1,4,No,2-3 cups,Overweight,No,1.0,0,2.0,2,0.25204678362573096,11.5
79,Female,Remote Worker,1.0,5.9,,12,8,No,1 cup,Normal,No,,0,1.0,0,,2.0
53,Female,Engineer,9.4,10.5,3-5x/week,14,3,No,2-3 cups,Overweight,Yes,2.0,0,2.0,2,0.5730994152046783,13.4
31,Non-binary,Remote Worker,9.5,8.7,,11,10,No,2-3 cups,Overweight,No,,0,2.0,2,,13.5
48,Male,Unemployed,4.5,4.8,Daily,3,6,No,1 cup,Normal,No,3.0,0,1.0,0,0.4783625730994152,5.5
65,Prefer not to say,Student,8.8,3.6,,7,1,Yes,1 cup,Normal,No,,1,1.0,0,,9.8
32,Non-binary,Student,4.2,3.4,1-2x/week,8,7,No,1 cup,Normal,Yes,1.0,0,1.0,0,0.2830409356725146,5.2
25,Male,Engineer,3.3,6.3,,4,8,No,2-3 cups,Obese,No,,0,2.0,1,,6.3
31,Male,Student,10.1,5.4,Daily,19,8,No,1 cup,Overweight,No,3.0,0,1.0,2,0.7611111111111111,13.1
40,Male,Student,5.6,8.8,1-2x/week,17,3,No,2-3 cups,Obese,Yes,1.0,0,2.0,1,0.4403508771929825,8.6
77,Male,Engineer,9.3,7.5,,10,10,No,1 cup,Normal,Yes,,0,1.0,0,,10.3
74,Male,Engineer,7.1,5.4,1-2x/week,14,1,No,2-3 cups,Overweight,No,1.0,0,2.0,2,0.25087719298245614,11.1
79,Female,Unemployed,14.8,4.3,,8,9,No,2-3 cups,Overweight,Yes,,0,2.0,2,,18.8
57,Male,Student,3.1,4.1,,16,6,No,1 cup,Overweight,Yes,,0,1.0,2,,6.1
38,Male,Student,7.5,10.8,Daily,11,9,No,,Obese,No,3.0,0,,1,0.833625730994152,
33,Female,Unemployed,10.5,5.2,1-2x/week,6,7,No,,Normal,No,1.0,0,,0,0.3067251461988304,
62,Male,Healthcare,6.5,8.9,3-5x/week,9,1,No,2-3 cups,Normal,Yes,2.0,0,2.0,0,0.40730994152046784,8.5
35,Female,Healthcare,14.6,10.3,1-2x/week,9,1,Yes,2-3 cups,Overweight,No,1.0,1,2.0,2,0.3211988304093567,18.6
64,Male,Healthcare,11.1,8.5,1-2x/week,12,6,Yes,,Overweight,Yes,1.0,1,,2,0.44956140350877194,
70,Male,Unemployed,10.2,10.7,,18,5,No,2-3 cups,Normal,Yes,,0,2.0,0,,12.2
41,Female,Student,11.6,6.5,,10,9,Yes,1 cup,Normal,Yes,,1,1.0,0,,12.6
43,Female,Unemployed,14.3,11.6,3-5x/week,12,2,No,1 cup,Normal,No,2.0,0,1.0,0,0.5495614035087719,15.3
42,Female,Unemployed,13.7,4.2,Daily,7,8,No,4+ cups,Normal,Yes,3.0,0,3.0,0,0.5698830409356724,16.7
77,Female,Healthcare,11.1,3.9,,7,5,No,1 cup,Normal,Yes,,0,1.0,0,,12.1
77,Female,Remote Worker,11.5,8.9,,3,2,No,1 cup,Overweight,No,,0,1.0,2,,14.5
77,Male,Student,3.0,11.5,1-2x/week,14,10,Yes,,Overweight,No,1.0,1,,2,0.6703216374269005,
62,Male,Healthcare,2.4,10.3,Daily,10,6,No,,Normal,No,3.0,0,,0,0.7232456140350877,
58,Female,Remote Worker,9.0,3.7,,10,10,No,1 cup,Normal,No,,0,1.0,0,,10.0
46,Female,Remote Worker,1.3,5.5,1-2x/week,0,8,No,,Normal,Yes,1.0,0,,0,0.26388888888888884,
32,Prefer not to say,Engineer,7.8,11.4,3-5x/week,16,4,Yes,2-3 cups,Normal,No,2.0,1,2.0,0,0.6521929824561403,9.8
62,Male,Student,3.9,5.3,,14,2,No,1 cup,Overweight,No,,0,1.0,2,,6.9
18,Male,Remote Worker,5.8,10.0,,19,5,Yes,1 cup,Obese,No,,1,1.0,1,,7.8
42,Female,Healthcare,11.9,10.4,1-2x/week,5,2,Yes,,Normal,No,1.0,1,,0,0.29912280701754385,
24,Male,Engineer,14.2,7.5,Daily,14,2,Yes,1 cup,Overweight,No,3.0,1,1.0,2,0.5869883040935673,17.2
26,Non-binary,Student,2.0,6.5,,8,6,Yes,2-3 cups,Overweight,Yes,,1,2.0,2,,6.0
41,Female,Unemployed,8.5,7.1,1-2x/week,13,10,No,4+ cups,Overweight,No,1.0,0,3.0,2,0.5349415204678363,13.5
18,Male,Healthcare,13.4,5.0,1-2x/week,17,9,Yes,,Normal,Yes,1.0,1,,0,0.5014619883040936,
61,Female,Remote Worker,2.2,11.0,1-2x/week,16,4,No,2-3 cups,Obese,No,1.0,0,2.0,1,0.5160818713450293,5.2
25,Female,Remote Worker,12.5,7.1,1-2x/week,17,6,No,1 cup,Normal,No,1.0,0,1.0,0,0.47646198830409353,13.5
41,Male,Healthcare,6.0,10.9,1-2x/week,4,7,No,1 cup,Normal,No,1.0,0,1.0,0,0.4387426900584795,7.0
28,Non-binary,Remote Worker,5.5,4.0,1-2x/week,19,6,Yes,1 cup,Underweight,No,1.0,1,1.0,3,0.4166666666666667,9.5
68,Female,Engineer,14.7,11.9,1-2x/week,19,8,No,,Normal,No,1.0,0,,0,0.6916666666666667,
34,Female,Student,3.8,7.0,1-2x/week,8,4,No,,Normal,No,1.0,0,,0,0.29970760233918126,
25,Male,Engineer,10.7,3.4,1-2x/week,10,1,No,2-3 cups,Normal,No,1.0,0,2.0,0,0.14269005847953214,12.7
52,Female,Remote Worker,12.5,3.3,3-5x/week,0,7,Yes,1 cup,Normal,No,2.0,1,1.0,0,0.29999999999999993,13.5
52,Male,Unemployed,1.6,9.7,,17,3,No,4+ cups,Overweight,No,,0,3.0,2,,6.6
50,Male,Student,10.4,8.9,3-5x/week,5,6,No,1 cup,Overweight,No,2.0,0,1.0,2,0.4935672514619883,13.4
76,Non-binary,Student,14.3,10.2,3-5x/week,1,2,No,,Normal,No,2.0,0,,0,0.36593567251461984,
22,Male,Healthcare,2.7,3.9,,14,9,Yes,2-3 cups,Overweight,No,,1,2.0,2,,6.7
59,Male,Healthcare,13.5,3.3,1-2x/week,13,1,No,1 cup,Overweight,No,1.0,0,1.0,2,0.17938596491228068,16.5
56,Prefer not to say,Unemployed,9.3,7.6,1-2x/week,4,6,Yes,1 cup,Overweight,No,1.0,1,1.0,2,0.3192982456140351,12.3
75,Prefer not to say,Student,9.6,6.5,,5,6,Yes,2-3 cups,Normal,Yes,,1,2.0,0,,11.6
58,Female,Unemployed,9.6,7.2,1-2x/week,5,5,No,4+ cups,Overweight,No,1.0,0,3.0,2,0.2935672514619883,14.6
45,Female,Healthcare,5.2,11.9,,17,5,Yes,2-3 cups,Obese,No,,1,2.0,1,,8.2
24,Male,Healthcare,14.1,11.7,,13,1,Yes,2-3 cups,Overweight,No,,1,2.0,2,,18.1
26,Male,Student,14.3,11.5,3-5x/week,9,10,Yes,2-3 cups,Normal,No,2.0,1,2.0,0,0.7295321637426901,16.3
25,Male,Engineer,9.8,10.1,,13,5,No,4+ cups,Normal,Yes,,0,3.0,0,,12.8
29,Female,Remote Worker,12.0,6.2,3-5x/week,12,2,No,1 cup,Overweight,No,2.0,0,1.0,2,0.39956140350877195,15.0
51,Female,Healthcare,9.6,6.7,1-2x/week,2,7,No,,Normal,No,1.0,0,,0,0.29576023391812867,
50,Female,Healthcare,7.8,7.9,3-5x/week,5,3,No,1 cup,Normal,No,2.0,0,1.0,0,0.38245614035087716,8.8
65,Female,Engineer,10.3,10.5,1-2x/week,7,4,Yes,1 cup,Normal,No,1.0,1,1.0,0,0.3837719298245614,11.3
72,Male,Engineer,8.7,3.6,,11,3,No,2-3 cups,Overweight,Yes,,0,2.0,2,,12.7
40,Female,Unemployed,9.4,6.8,1-2x/week,12,3,No,2-3 cups,Overweight,Yes,1.0,0,2.0,2,0.31900584795321635,13.4
79,Male,Unemployed,12.0,3.7,,10,4,Yes,1 cup,Normal,No,,1,1.0,0,,13.0
41,Female,Remote Worker,7.7,7.6,1-2x/week,11,5,No,,Obese,No,1.0,0,,1,0.38362573099415204,
54,Male,Remote Worker,1.6,11.1,Daily,0,1,No,2-3 cups,Normal,No,3.0,0,2.0,0,0.475,3.6
52,Female,Student,3.3,10.0,,16,4,Yes,1 cup,Overweight,Yes,,1,1.0,2,,6.3
61,Male,Unemployed,7.1,5.1,1-2x/week,15,8,Yes,2-3 cups,Overweight,No,1.0,1,2.0,2,0.4501461988304093,11.1
57,Male,Healthcare,11.1,11.8,3-5x/week,10,10,Yes,1 cup,Overweight,No,2.0,1,1.0,2,0.7510233918128655,14.1
39,Male,Unemployed,9.3,9.0,3-5x/week,12,7,Yes,1 cup,Obese,No,2.0,1,1.0,1,0.6162280701754386,11.3
44,Female,Healthcare,10.1,3.1,1-2x/week,17,9,No,,Normal,Yes,1.0,0,,0,0.44868421052631574,
52,Female,Engineer,7.7,5.3,,10,5,No,,Overweight,No,,0,,2,,
18,Male,Unemployed,9.6,5.3,1-2x/week,11,10,No,2-3 cups,Normal,No,1.0,0,2.0,0,0.45862573099415205,11.6
52,Male,Engineer,5.6,3.6,,5,4,No,4+ cups,Overweight,No,,0,3.0,2,,10.6
54,Female,Remote Worker,7.6,11.6,3-5x/week,8,8,Yes,2-3 cups,Overweight,No,2.0,1,2.0,2,0.6635964912280702,11.6
64,Male,Remote Worker,11.4,7.3,Daily,15,9,No,,Overweight,No,3.0,0,,2,0.7890350877192982,
31,Female,Student,13.2,11.1,3-5x/week,3,7,No,1 cup,Normal,No,2.0,0,1.0,0,0.5561403508771929,14.2
20,Female,Unemployed,7.1,5.9,3-5x/week,2,7,No,2-3 cups,Overweight,No,2.0,0,2.0,2,0.3985380116959064,11.1
18,Male,Engineer,1.6,4.1,,15,5,No,2-3 cups,Normal,Yes,,0,2.0,0,,3.6
22,Male,Healthcare,3.3,7.3,3-5x/week,11,4,No,,Underweight,No,2.0,0,,3,0.4725146198830409,
43,Prefer not to say,Remote Worker,1.3,4.0,3-5x/week,10,10,No,,Overweight,Yes,2.0,0,,2,0.5343567251461988,
72,Male,Remote Worker,10.1,7.4,,4,1,No,2-3 cups,Normal,No,,0,2.0,0,,12.1
31,Male,Healthcare,5.7,11.3,3-5x/week,17,10,Yes,1 cup,Overweight,No,2.0,1,1.0,2,0.8292397660818713,8.7
56,Female,Engineer,8.6,7.7,,18,10,Yes,1 cup,Normal,No,,1,1.0,0,,9.6
44,Non-binary,Engineer,7.9,8.5,1-2x/week,5,7,Yes,,Normal,No,1.0,1,,0,0.38523391812865493,
26,Prefer not to say,Unemployed,2.1,4.4,3-5x/week,17,1,No,1 cup,Overweight,Yes,2.0,0,1.0,2,0.3875730994152047,5.1
32,Female,Unemployed,6.6,3.4,1-2x/week,5,1,No,2-3 cups,Normal,No,1.0,0,2.0,0,0.07690058479532164,8.6
32,Male,Student,4.1,4.0,,3,5,No,4+ cups,Normal,No,,0,3.0,0,,7.1
43,Male,Remote Worker,6.9,8.4,1-2x/week,11,9,No,1 cup,Overweight,Yes,1.0,0,1.0,2,0.5169590643274854,9.9
59,Female,Unemployed,3.9,3.9,1-2x/week,18,6,No,1 cup,Normal,No,1.0,0,1.0,0,0.40073099415204677,4.9
77,Female,Engineer,12.8,6.4,Daily,1,3,No,,Overweight,Yes,3.0,0,,2,0.4131578947368421,
30,Male,Healthcare,3.4,8.0,1-2x/week,16,3,Yes,1 cup,Normal,No,1.0,1,1.0,0,0.4049707602339181,4.4
68,Non-binary,Engineer,14.5,6.5,1-2x/week,10,7,Yes,1 cup,Overweight,No,1.0,1,1.0,2,0.39546783625730986,17.5
49,Male,Remote Worker,6.8,4.5,3-5x/week,10,6,No,2-3 cups,Overweight,Yes,2.0,0,2.0,2,0.4371345029239766,10.8
56,Female,Engineer,12.8,5.5,1-2x/week,15,9,No,1 cup,Overweight,No,1.0,0,1.0,2,0.4890350877192982,15.8
66,Male,Student,9.8,11.4,1-2x/week,1,6,No,1 cup,Normal,Yes,1.0,0,1.0,0,0.3853801169590643,10.8
69,Female,Remote Worker,11.3,9.1,1-2x/week,1,5,Yes,,Overweight,Yes,1.0,1,,2,0.29371345029239765,
78,Male,Healthcare,11.7,7.5,3-5x/week,7,10,Yes,1 cup,Overweight,Yes,2.0,1,1.0,2,0.5921052631578947,14.7
49,Male,Student,8.1,3.1,1-2x/week,12,7,No,,Overweight,No,1.0,0,,2,0.32733918128654965,
21,Male,Remote Worker,8.6,11.9,1-2x/week,9,1,Yes,,Normal,No,1.0,1,,0,0.36564327485380116,
47,Female,Healthcare,8.2,9.0,,7,7,Yes,4+ cups,Overweight,No,,1,3.0,2,,13.2
54,Female,Student,9.2,5.9,,3,3,No,1 cup,Overweight,Yes,,0,1.0,2,,12.2
40,Female,Student,1.4,10.9,,14,9,Yes,1 cup,Normal,Yes,,1,1.0,0,,2.4
56,Prefer not to say,Remote Worker,6.5,5.3,,0,6,No,2-3 cups,Normal,No,,0,2.0,0,,8.5
62,Male,Unemployed,9.5,7.9,1-2x/week,10,9,Yes,4+ cups,Overweight,No,1.0,1,3.0,2,0.4899122807017544,14.5
32,Male,Student,9.4,8.7,3-5x/week,6,5,Yes,1 cup,Underweight,No,2.0,1,1.0,3,0.47339181286549703,13.4
60,Female,Student,12.1,5.0,1-2x/week,16,7,No,2-3 cups,Obese,Yes,1.0,0,2.0,1,0.4327485380116959,15.1
46,Male,Healthcare,10.2,11.8,3-5x/week,19,4,No,1 cup,Overweight,No,2.0,0,1.0,2,0.7027777777777777,13.2
53,Prefer not to say,Engineer,14.9,9.7,Daily,17,7,No,1 cup,Overweight,No,3.0,0,1.0,2,0.8264619883040936,17.9
30,Male,Remote Worker,5.0,8.0,3-5x/week,11,1,No,1 cup,Normal,No,2.0,0,1.0,0,0.40862573099415206,6.0
49,Prefer not to say,Remote Worker,6.0,4.6,1-2x/week,8,7,Yes,2-3 cups,Normal,No,1.0,1,2.0,0,0.3163742690058479,8.0
24,Male,Unemployed,6.4,3.5,1-2x/week,4,8,No,2-3 cups,Obese,Yes,1.0,0,2.0,1,0.26096491228070173,9.4
76,Female,Unemployed,7.5,5.9,1-2x/week,9,5,Yes,1 cup,Normal,No,1.0,1,1.0,0,0.31008771929824563,8.5
68,Female,Remote Worker,12.7,9.8,,3,2,No,,Overweight,No,,0,,2,,
39,Prefer not to say,Unemployed,4.3,5.4,1-2x/week,4,5,No,2-3 cups,Normal,No,1.0,0,2.0,0,0.2304093567251462,6.3
45,Male,Healthcare,11.9,7.9,Daily,9,6,No,,Normal,No,3.0,0,,0,0.643421052631579,
19,Female,Remote Worker,6.7,9.6,3-5x/week,10,2,No,1 cup,Underweight,No,2.0,0,1.0,3,0.46769005847953216,10.7
59,Prefer not to say,Unemployed,9.4,4.0,,9,6,Yes,2-3 cups,Normal,No,,1,2.0,0,,11.4
62,Female,Remote Worker,9.9,9.2,1-2x/week,7,6,Yes,2-3 cups,Obese,No,1.0,1,2.0,1,0.40321637426900586,12.9
79,Female,Engineer,6.2,3.8,3-5x/week,1,1,No,2-3 cups,Normal,No,2.0,0,2.0,0,0.1603801169590643,8.2
74,Female,Student,8.2,11.7,,7,1,No,2-3 cups,Normal,No,,0,2.0,0,,10.2
70,Female,Remote Worker,6.8,7.4,1-2x/week,15,10,No,1 cup,Normal,No,1.0,0,1.0,0,0.5695906432748539,7.8
23,Female,Student,2.0,4.4,3-5x/week,4,3,Yes,2-3 cups,Normal,No,2.0,1,2.0,0,0.2720760233918129,4.0
45,Female,Unemployed,7.1,6.1,1-2x/week,2,10,No,2-3 cups,Normal,Yes,1.0,0,2.0,0,0.3624269005847953,9.1
45,Non-binary,Student,2.4,6.7,,11,10,Yes,,Overweight,No,,1,,2,,
61,Male,Remote Worker,6.7,9.8,1-2x/week,12,3,No,,Normal,No,1.0,0,,0,0.4023391812865498,
61,Male,Engineer,9.3,9.7,3-5x/week,12,4,No,1 cup,Normal,Yes,2.0,0,1.0,0,0.5523391812865497,10.3
37,Prefer not to say,Unemployed,9.1,8.5,1-2x/week,9,2,No,1 cup,Normal,No,1.0,0,1.0,0,0.2989766081871345,10.1
47,Female,Remote Worker,10.3,4.0,,3,9,Yes,2-3 cups,Obese,No,,1,2.0,1,,13.3
79,Female,Unemployed,2.3,4.4,1-2x/week,8,10,No,2-3 cups,Normal,No,1.0,0,2.0,0,0.39415204678362575,4.3
28,Female,Healthcare,10.1,3.8,1-2x/week,1,7,No,,Underweight,No,1.0,0,,3,0.20204678362573092,
75,Male,Student,5.4,8.2,1-2x/week,18,7,No,,Overweight,No,1.0,0,,2,0.547953216374269,
72,Male,Healthcare,6.6,10.9,3-5x/week,0,6,No,4+ cups,Normal,No,2.0,0,3.0,0,0.48333333333333334,9.6
45,Female,Remote Worker,13.0,6.9,,6,3,No,,Normal,No,,0,,0,,
42,Male,Engineer,1.1,4.4,3-5x/week,16,6,No,1 cup,Normal,No,2.0,0,1.0,0,0.5133040935672515,2.1
56,Female,Unemployed,9.2,8.0,,2,8,No,1 cup,Overweight,No,,0,1.0,2,,12.2
79,Male,Student,9.4,10.3,1-2x/week,19,8,Yes,1 cup,Normal,No,1.0,1,1.0,0,0.6472222222222221,10.4
50,Prefer not to say,Unemployed,6.6,9.7,,19,9,Yes,,Overweight,No,,1,,2,,
18,Prefer not to say,Remote Worker,4.3,10.9,1-2x/week,2,1,No,,Overweight,Yes,1.0,0,,2,0.24576023391812865,
74,Female,Unemployed,4.3,5.5,1-2x/week,2,1,Yes,,Normal,No,1.0,1,,0,0.09576023391812864,
44,Female,Student,13.4,4.7,1-2x/week,16,3,No,1 cup,Normal,Yes,1.0,0,1.0,0,0.3133040935672515,14.4
79,Male,Remote Worker,7.2,10.9,,6,3,No,1 cup,Normal,No,,0,1.0,0,,8.2
74,Female,Unemployed,5.6,8.9,1-2x/week,13,10,No,1 cup,Overweight,No,1.0,0,1.0,2,0.5849415204678363,8.6
69,Female,Engineer,7.3,5.8,,16,8,No,2-3 cups,Normal,No,,0,2.0,0,,9.3
30,Male,Remote Worker,10.4,9.7,3-5x/week,17,10,No,2-3 cups,Normal,No,2.0,0,2.0,0,0.7847953216374268,12.4
58,Non-binary,Remote Worker,3.0,10.3,Daily,12,1,No,,Normal,No,3.0,0,,0,0.610672514619883,
20,Female,Engineer,7.3,8.5,1-2x/week,19,2,Yes,1 cup,Obese,No,1.0,1,1.0,1,0.4305555555555556,9.3
56,Non-binary,Healthcare,9.2,9.2,1-2x/week,19,2,No,2-3 cups,Normal,Yes,1.0,0,2.0,0,0.45,11.2
23,Female,Student,14.3,6.4,1-2x/week,17,3,Yes,1 cup,Obese,Yes,1.0,1,1.0,1,0.3736842105263158,16.3
25,Female,Healthcare,4.5,7.8,,3,6,No,1 cup,Normal,No,,0,1.0,0,,5.5
44,Male,Unemployed,6.0,7.7,1-2x/week,0,1,No,2-3 cups,Underweight,No,1.0,0,2.0,3,0.13055555555555554,11.0
26,Non-binary,Engineer,6.3,10.6,3-5x/week,17,2,No,2-3 cups,Normal,Yes,2.0,0,2.0,0,0.5875730994152046,8.3
79,Female,Healthcare,9.5,10.6,1-2x/week,0,1,Yes,2-3 cups,Normal,No,1.0,1,2.0,0,0.21111111111111108,11.5
54,Male,Remote Worker,6.0,10.5,,12,5,No,1 cup,Normal,No,,0,1.0,0,,7.0
50,Male,Unemployed,8.5,3.1,3-5x/week,19,7,No,2-3 cups,Underweight,Yes,2.0,0,2.0,3,0.5444444444444444,13.5
68,Male,Unemployed,11.9,9.7,1-2x/week,19,8,Yes,1 cup,Obese,No,1.0,1,1.0,1,0.6305555555555555,13.9
59,Female,Healthcare,10.9,9.8,3-5x/week,9,10,Yes,2-3 cups,Overweight,No,2.0,1,2.0,2,0.6823099415204679,14.9
61,Prefer not to say,Healthcare,7.2,9.1,1-2x/week,10,1,Yes,1 cup,Overweight,Yes,1.0,1,1.0,2,0.3010233918128655,10.2
41,Male,Engineer,13.1,9.8,1-2x/week,8,7,No,,Normal,No,1.0,0,,0,0.4608187134502924,
32,Female,Student,8.8,10.6,,8,5,Yes,2-3 cups,Normal,No,,1,2.0,0,,10.8
76,Male,Healthcare,8.6,7.2,,4,10,No,1 cup,Underweight,No,,0,1.0,3,,12.6
71,Prefer not to say,Healthcare,1.5,7.5,Daily,0,1,No,1 cup,Overweight,No,3.0,0,1.0,2,0.375,4.5
49,Female,Remote Worker,14.8,4.1,,16,3,No,4+ cups,Obese,No,,0,3.0,1,,18.8
49,Female,Unemployed,2.7,6.5,Daily,1,7,Yes,,Normal,No,3.0,1,,0,0.527046783625731,
41,Female,Student,4.2,8.8,1-2x/week,12,10,No,1 cup,Normal,Yes,1.0,0,1.0,0,0.5690058479532164,5.2
58,Male,Remote Worker,1.7,10.0,,8,1,No,,Normal,No,,0,,0,,
69,Male,Engineer,10.0,5.0,,3,7,No,2-3 cups,Normal,No,,0,2.0,0,,12.0
66,Male,Engineer,4.1,4.2,,4,5,No,2-3 cups,Normal,Yes,,0,2.0,0,,6.1
79,Female,Healthcare,3.5,9.0,Daily,10,1,No,1 cup,Overweight,No,3.0,0,1.0,2,0.5482456140350878,6.5
66,Female,Healthcare,2.2,3.0,1-2x/week,18,1,No,2-3 cups,Overweight,No,1.0,0,2.0,2,0.23684210526315788,6.2
75,Prefer not to say,Engineer,2.4,4.6,1-2x/week,2,1,No,1 cup,Normal,No,1.0,0,1.0,0,0.07076023391812865,3.4
69,Prefer not to say,Healthcare,9.2,3.3,1-2x/week,11,9,No,2-3 cups,Underweight,No,1.0,0,2.0,3,0.3752923976608187,14.2
29,Female,Student,10.6,4.5,,18,3,Yes,1 cup,Obese,No,,1,1.0,1,,12.6
79,Female,Healthcare,6.6,4.6,1-2x/week,18,5,Yes,1 cup,Normal,No,1.0,1,1.0,0,0.3923976608187134,7.6
56,Non-binary,Unemployed,7.7,6.5,,12,10,Yes,4+ cups,Underweight,No,,1,3.0,3,,13.7
19,Female,Healthcare,10.6,6.6,3-5x/week,6,9,No,1 cup,Normal,No,2.0,0,1.0,0,0.5261695906432748,11.6
20,Male,Remote Worker,1.2,10.9,1-2x/week,14,6,No,,Underweight,No,1.0,0,,3,0.5425438596491228,
66,Female,Student,5.5,7.6,1-2x/week,6,9,No,1 cup,Normal,No,1.0,0,1.0,0,0.42894736842105263,6.5
54,Male,Remote Worker,14.6,9.5,1-2x/week,7,8,No,4+ cups,Overweight,No,1.0,0,3.0,2,0.46710526315789475,19.6
66,Prefer not to say,Remote Worker,9.1,3.9,1-2x/week,4,8,No,1 cup,Normal,No,1.0,0,1.0,0,0.2720760233918128,10.1
73,Female,Unemployed,4.6,5.0,Daily,13,1,No,,Normal,No,3.0,0,,0,0.4766081871345029,
34,Male,Student,8.3,9.3,1-2x/week,3,9,No,1 cup,Overweight,No,1.0,0,1.0,2,0.4366959064327486,11.3
76,Female,Student,5.8,3.5,,9,6,No,1 cup,Normal,Yes,,0,1.0,0,,6.8
66,Female,Student,8.5,7.4,1-2x/week,19,9,Yes,,Overweight,No,1.0,1,,2,0.5944444444444444,
19,Male,Student,2.8,8.4,,14,3,Yes,2-3 cups,Overweight,No,,1,2.0,2,,6.8
19,Male,Student,2.9,8.4,,17,3,Yes,4+ cups,Underweight,Yes,,1,3.0,3,,8.9
45,Female,Unemployed,3.0,3.2,Daily,19,6,No,1 cup,Overweight,No,3.0,0,1.0,2,0.6444444444444444,6.0
71,Female,Healthcare,14.2,5.9,3-5x/week,12,9,No,1 cup,Normal,No,2.0,0,1.0,0,0.585672514619883,15.2
40,Female,Remote Worker,11.3,8.7,Daily,7,7,No,1 cup,Obese,No,3.0,0,1.0,1,0.6671052631578946,13.3
54,Female,Student,3.3,4.3,1-2x/week,8,3,Yes,,Normal,Yes,1.0,1,,0,0.1969298245614035,
49,Female,Healthcare,3.6,9.3,1-2x/week,15,3,No,2-3 cups,Obese,No,1.0,0,2.0,1,0.42792397660818715,6.6
50,Female,Healthcare,11.2,9.7,,18,2,No,1 cup,Overweight,No,,0,1.0,2,,14.2
18,Female,Remote Worker,3.2,11.8,,15,9,Yes,1 cup,Normal,Yes,,1,1.0,0,,4.2
36,Female,Unemployed,4.3,4.9,3-5x/week,6,3,No,2-3 cups,Normal,No,2.0,0,2.0,0,0.312280701754386,6.3
79,Male,Engineer,14.5,10.4,1-2x/week,13,5,Yes,1 cup,Obese,No,1.0,1,1.0,1,0.487719298245614,16.5
19,Male,Engineer,4.6,7.7,3-5x/week,13,9,No,2-3 cups,Overweight,No,2.0,0,2.0,2,0.6488304093567251,8.6
70,Male,Healthcare,10.3,6.4,3-5x/week,3,8,No,,Underweight,No,2.0,0,,3,0.4533625730994152,
61,Female,Remote Worker,14.7,4.1,,14,2,Yes,2-3 cups,Overweight,No,,1,2.0,2,,18.7
43,Female,Engineer,6.2,9.6,1-2x/week,2,3,Yes,4+ cups,Normal,No,1.0,1,3.0,0,0.2652046783625731,9.2
49,Female,Healthcare,1.2,5.1,1-2x/week,4,2,No,2-3 cups,Underweight,Yes,1.0,0,2.0,3,0.1387426900584795,6.2
23,Male,Unemployed,4.4,6.3,,0,8,No,4+ cups,Normal,Yes,,0,3.0,0,,7.4
49,Male,Engineer,12.6,3.6,3-5x/week,2,6,No,,Normal,No,2.0,0,,0,0.30687134502923974,
72,Male,Healthcare,13.1,10.2,1-2x/week,14,6,No,1 cup,Overweight,No,1.0,0,1.0,2,0.5230994152046783,16.1
21,Male,Healthcare,11.8,9.9,,7,9,No,2-3 cups,Normal,No,,0,2.0,0,,13.8
72,Female,Student,2.6,9.6,1-2x/week,3,8,No,1 cup,Overweight,Yes,1.0,0,1.0,2,0.4172514619883041,5.6
28,Male,Unemployed,12.1,5.7,Daily,1,4,No,1 cup,Underweight,Yes,3.0,0,1.0,3,0.4214912280701754,16.1
73,Male,Student,13.9,4.6,,9,4,No,1 cup,Normal,No,,0,1.0,0,,14.9
76,Non-binary,Remote Worker,9.4,8.7,3-5x/week,3,9,No,,Normal,No,2.0,0,,0,0.5450292397660819,
34,Male,Student,14.2,7.5,,2,1,No,1 cup,Normal,No,,0,1.0,0,,15.2
55,Female,Student,12.6,4.6,3-5x/week,1,2,No,,Underweight,No,2.0,0,,3,0.21038011695906433,
41,Female,Engineer,10.3,9.2,3-5x/week,16,2,No,2-3 cups,Normal,No,2.0,0,2.0,0,0.5355263157894736,12.3
22,Male,Healthcare,9.1,11.9,1-2x/week,19,6,Yes,1 cup,Normal,Yes,1.0,1,1.0,0,0.6361111111111111,10.1
69,Female,Unemployed,5.9,9.7,1-2x/week,12,4,No,,Normal,No,1.0,0,,0,0.4273391812865497,
51,Female,Student,3.2,9.7,3-5x/week,4,10,No,1 cup,Normal,No,2.0,0,1.0,0,0.6137426900584795,4.2
23,Non-binary,Unemployed,9.5,11.6,1-2x/week,8,3,Yes,1 cup,Normal,No,1.0,1,1.0,0,0.39970760233918123,10.5
39,Male,Student,5.5,4.8,3-5x/week,5,3,No,2-3 cups,Overweight,No,2.0,0,2.0,2,0.2963450292397661,9.5
28,Non-binary,Remote Worker,13.1,8.1,,4,3,No,1 cup,Obese,Yes,,0,1.0,1,,15.1
65,Female,Student,14.9,11.8,3-5x/week,9,6,Yes,1 cup,Normal,Yes,2.0,1,1.0,0,0.6267543859649123,15.9
33,Male,Engineer,11.5,4.5,3-5x/week,7,8,No,2-3 cups,Normal,No,2.0,0,2.0,0,0.45321637426900585,13.5
50,Female,Healthcare,2.3,9.3,Daily,6,7,Yes,1 cup,Normal,No,3.0,1,1.0,0,0.6706140350877193,3.3
26,Prefer not to say,Remote Worker,5.0,8.3,,6,4,Yes,,Obese,Yes,,1,,1,,
77,Female,Student,2.5,8.3,1-2x/week,5,4,No,1 cup,Underweight,Yes,1.0,0,1.0,3,0.2963450292397661,6.5
76,Male,Unemployed,10.1,9.3,1-2x/week,19,10,No,4+ cups,Normal,Yes,1.0,0,3.0,0,0.675,13.1
23,Female,Remote Worker,11.7,11.4,1-2x/week,2,2,Yes,1 cup,Normal,No,1.0,1,1.0,0,0.28742690058479536,12.7
33,Male,Remote Worker,14.0,10.0,1-2x/week,18,1,No,1 cup,Normal,Yes,1.0,0,1.0,0,0.4312865497076024,15.0
46,Male,Student,7.1,3.5,,14,9,No,,Normal,No,,0,,0,,
20,Male,Remote Worker,13.6,10.7,3-5x/week,3,2,Yes,,Overweight,No,2.0,1,,2,0.40614035087719297,
37,Male,Unemployed,13.3,5.0,1-2x/week,11,8,Yes,1 cup,Normal,No,1.0,1,1.0,0,0.39473684210526316,14.3
77,Male,Remote Worker,5.4,6.4,,5,9,No,1 cup,Overweight,Yes,,0,1.0,2,,8.4
76,Male,Unemployed,13.2,7.2,1-2x/week,18,4,Yes,,Normal,No,1.0,1,,0,0.43684210526315786,
53,Female,Student,6.3,7.3,1-2x/week,3,8,No,4+ cups,Underweight,Yes,1.0,0,3.0,3,0.35336257309941516,12.3
36,Male,Healthcare,5.2,6.9,,14,9,No,2-3 cups,Obese,No,,0,2.0,1,,8.2
43,Male,Remote Worker,10.1,11.4,Daily,8,10,No,1 cup,Normal,No,3.0,0,1.0,0,0.8385964912280702,11.1
20,Female,Healthcare,5.6,9.4,Daily,4,10,Yes,2-3 cups,Overweight,No,3.0,1,2.0,2,0.7304093567251462,9.6
36,Female,Unemployed,9.8,8.7,1-2x/week,12,5,No,,Normal,No,1.0,0,,0,0.4273391812865497,
37,Female,Remote Worker,9.5,3.4,,17,7,No,1 cup,Underweight,No,,0,1.0,3,,13.5
49,Male,Engineer,8.9,11.1,3-5x/week,4,10,No,2-3 cups,Obese,No,2.0,0,2.0,1,0.6526315789473685,11.9
24,Male,Healthcare,6.3,11.2,1-2x/week,15,4,Yes,2-3 cups,Normal,No,1.0,1,2.0,0,0.5084795321637426,8.3
69,Male,Remote Worker,8.7,10.0,1-2x/week,18,1,Yes,2-3 cups,Overweight,No,1.0,1,2.0,2,0.4312865497076024,12.7
58,Male,Healthcare,9.4,3.1,1-2x/week,13,3,No,1 cup,Normal,No,1.0,0,1.0,0,0.2293859649122807,10.4
50,Male,Remote Worker,8.6,3.5,1-2x/week,15,5,No,4+ cups,Overweight,No,1.0,0,3.0,2,0.3223684210526316,13.6
57,Male,Student,7.2,5.0,1-2x/week,14,3,Yes,,Underweight,No,1.0,1,,3,0.2953216374269006,
56,Male,Healthcare,1.2,4.2,1-2x/week,3,7,No,2-3 cups,Normal,No,1.0,0,2.0,0,0.23947368421052628,3.2
35,Male,Engineer,9.2,6.6,1-2x/week,6,9,Yes,4+ cups,Overweight,No,1.0,1,3.0,2,0.40116959064327484,14.2
57,Female,Engineer,3.4,11.3,Daily,15,6,No,,Obese,No,3.0,0,,1,0.8168128654970761,
18,Male,Unemployed,10.0,7.2,1-2x/week,7,10,No,2-3 cups,Obese,No,1.0,0,2.0,1,0.4587719298245614,13.0
28,Male,Remote Worker,11.6,3.1,3-5x/week,16,1,No,,Overweight,No,2.0,0,,2,0.33830409356725144,
45,Female,Healthcare,8.0,5.5,3-5x/week,15,7,No,1 cup,Overweight,Yes,2.0,0,1.0,2,0.5584795321637426,11.0
74,Female,Unemployed,8.6,3.4,1-2x/week,9,3,No,1 cup,Normal,No,1.0,0,1.0,0,0.1850877192982456,9.6
42,Male,Healthcare,14.3,3.3,1-2x/week,9,5,No,1 cup,Normal,No,1.0,0,1.0,0,0.2378654970760234,15.3
67,Female,Remote Worker,12.9,5.5,1-2x/week,1,10,No,4+ cups,Normal,No,1.0,0,3.0,0,0.3326023391812865,15.9
40,Female,Engineer,13.8,5.5,1-2x/week,8,4,No,2-3 cups,Normal,No,1.0,0,2.0,0,0.2580409356725146,15.8
48,Male,Student,12.4,10.1,3-5x/week,16,10,No,1 cup,Normal,No,2.0,0,1.0,0,0.7827485380116959,13.4
47,Female,Engineer,2.5,11.8,1-2x/week,10,5,Yes,2-3 cups,Normal,Yes,1.0,1,2.0,0,0.48713450292397664,4.5
59,Non-binary,Unemployed,3.1,6.3,Daily,9,5,Yes,4+ cups,Normal,No,3.0,1,3.0,0,0.5711988304093567,6.1
52,Male,Student,8.4,6.9,,16,6,No,,Overweight,Yes,,0,,2,,
24,Male,Unemployed,4.4,10.6,,3,10,No,4+ cups,Normal,Yes,,0,3.0,0,,7.4
77,Female,Remote Worker,7.7,5.4,1-2x/week,15,10,No,,Normal,No,1.0,0,,0,0.5140350877192983,
33,Female,Student,6.5,4.4,,19,6,Yes,2-3 cups,Normal,No,,1,2.0,0,,8.5
43,Male,Unemployed,8.7,10.7,,14,8,No,1 cup,Overweight,No,,0,1.0,2,,11.7
65,Male,Remote Worker,11.5,3.4,1-2x/week,4,8,No,,Overweight,No,1.0,0,,2,0.25818713450292397,
74,Male,Engineer,11.0,8.6,,5,9,No,1 cup,Overweight,Yes,,0,1.0,2,,14.0
69,Female,Remote Worker,8.3,8.1,,16,8,No,2-3 cups,Normal,No,,0,2.0,0,,10.3
77,Female,Healthcare,12.5,6.1,Daily,0,2,No,1 cup,Normal,No,3.0,0,1.0,0,0.3638888888888889,13.5
66,Male,Remote Worker,7.0,5.8,,18,10,No,,Underweight,No,,0,,3,,
19,Female,Remote Worker,13.6,9.9,3-5x/week,3,1,No,1 cup,Normal,No,2.0,0,1.0,0,0.35614035087719303,14.6
18,Female,Healthcare,2.0,3.8,3-5x/week,16,10,Yes,4+ cups,Normal,No,2.0,1,3.0,0,0.6077485380116958,5.0
65,Male,Unemployed,14.4,5.1,Daily,8,2,No,1 cup,Underweight,No,3.0,0,1.0,3,0.4413742690058479,18.4
79,Male,Unemployed,10.2,9.6,,1,2,No,1 cup,Normal,Yes,,0,1.0,0,,11.2
29,Female,Remote Worker,6.3,7.9,3-5x/week,7,3,No,1 cup,Obese,No,2.0,0,1.0,1,0.4087719298245614,8.3
22,Female,Healthcare,3.8,4.2,1-2x/week,14,10,Yes,,Obese,No,1.0,1,,1,0.4675438596491228,
54,Female,Healthcare,7.7,10.9,1-2x/week,6,7,No,2-3 cups,Normal,Yes,1.0,0,2.0,0,0.4650584795321637,9.7
49,Female,Engineer,3.7,6.5,1-2x/week,5,2,No,2-3 cups,Underweight,Yes,1.0,0,2.0,3,0.1907894736842105,8.7
76,Male,Unemployed,3.3,10.5,3-5x/week,0,1,Yes,1 cup,Normal,No,2.0,1,1.0,0,0.3333333333333333,4.3
72,Male,Student,9.6,10.1,1-2x/week,14,6,No,1 cup,Normal,No,1.0,0,1.0,0,0.5203216374269005,10.6
26,Female,Unemployed,8.3,8.6,3-5x/week,6,9,No,2-3 cups,Obese,Yes,2.0,0,2.0,1,0.5817251461988304,11.3
58,Male,Unemployed,10.4,7.5,1-2x/week,16,3,No,1 cup,Normal,No,1.0,0,1.0,0,0.3910818713450292,11.4
52,Male,Engineer,14.0,11.8,3-5x/week,1,6,No,2-3 cups,Overweight,No,2.0,0,2.0,2,0.5214912280701754,18.0
36,Male,Student,8.5,4.3,Daily,8,3,Yes,2-3 cups,Normal,No,3.0,1,2.0,0,0.4469298245614035,10.5
65,Male,Engineer,9.1,9.5,,8,1,No,2-3 cups,Obese,No,,0,2.0,1,,12.1
33,Male,Student,2.3,4.7,Daily,12,5,Yes,1 cup,Normal,No,3.0,1,1.0,0,0.5662280701754385,3.3
20,Male,Remote Worker,11.0,6.0,,5,10,No,1 cup,Overweight,No,,0,1.0,2,,14.0
37,Male,Student,6.6,5.8,,5,4,No,4+ cups,Normal,No,,0,3.0,0,,9.6
41,Male,Engineer,14.7,11.5,,19,7,No,1 cup,Overweight,No,,0,1.0,2,,17.7
71,Female,Unemployed,12.5,11.7,1-2x/week,19,6,Yes,2-3 cups,Normal,No,1.0,1,2.0,0,0.6305555555555555,14.5
73,Female,Student,8.3,4.6,1-2x/week,2,10,No,1 cup,Normal,Yes,1.0,0,1.0,0,0.3207602339181287,9.3
50,Female,Student,2.7,3.2,,16,7,No,2-3 cups,Obese,No,,0,2.0,1,,5.7
41,Female,Healthcare,13.0,9.5,,16,5,No,1 cup,Obese,No,,0,1.0,1,,15.0
69,Female,Unemployed,12.2,6.8,Daily,11,4,No,,Overweight,No,3.0,0,,2,0.583625730994152,
28,Male,Remote Worker,3.6,3.8,3-5x/week,15,7,No,,Overweight,No,2.0,0,,2,0.5112573099415204,
66,Female,Engineer,5.1,9.2,3-5x/week,14,7,No,2-3 cups,Overweight,Yes,2.0,0,2.0,2,0.6480994152046783,9.1
25,Female,Remote Worker,12.1,7.9,3-5x/week,12,6,No,2-3 cups,Underweight,No,2.0,0,2.0,3,0.5578947368421052,17.1
53,Female,Unemployed,3.6,11.8,3-5x/week,0,8,Yes,1 cup,Normal,No,2.0,1,1.0,0,0.5638888888888889,4.6
55,Male,Student,13.8,5.0,,16,4,Yes,1 cup,Normal,No,,1,1.0,0,,14.8
57,Male,Student,6.9,6.6,1-2x/week,2,10,No,2-3 cups,Overweight,No,1.0,0,2.0,2,0.37631578947368416,10.9
37,Male,Unemployed,2.2,7.9,3-5x/week,14,5,No,,Normal,No,2.0,0,,0,0.5564327485380117,
79,Male,Student,12.4,10.1,,3,4,No,1 cup,Normal,No,,0,1.0,0,,13.4
52,Female,Student,6.2,7.9,1-2x/week,3,1,No,,Normal,No,1.0,0,,0,0.17558479532163745,
65,Female,Student,8.4,8.5,,17,8,Yes,,Overweight,Yes,,1,,2,,
79,Male,Engineer,2.6,5.0,1-2x/week,16,1,No,1 cup,Normal,No,1.0,0,1.0,0,0.26608187134502925,3.6
42,Prefer not to say,Engineer,1.0,10.6,1-2x/week,18,5,Yes,1 cup,Normal,No,1.0,1,1.0,0,0.55906432748538,2.0
52,Female,Healthcare,9.9,6.9,1-2x/week,10,6,Yes,,Normal,No,1.0,1,,0,0.37880116959064325,
42,Male,Remote Worker,8.2,4.3,1-2x/week,19,6,No,1 cup,Normal,No,1.0,0,1.0,0,0.425,9.2
46,Male,Unemployed,9.3,9.0,1-2x/week,2,5,Yes,1 cup,Normal,No,1.0,1,1.0,0,0.30409356725146197,10.3
35,Male,Unemployed,12.1,4.9,,7,3,No,1 cup,Overweight,No,,0,1.0,2,,15.1
63,Male,Unemployed,10.1,3.9,,13,5,Yes,1 cup,Overweight,No,,1,1.0,2,,13.1
35,Male,Healthcare,3.4,10.8,3-5x/week,0,8,No,2-3 cups,Overweight,No,2.0,0,2.0,2,0.5361111111111111,7.4
19,Male,Engineer,6.1,7.1,1-2x/week,13,2,No,,Normal,No,1.0,0,,0,0.31271929824561395,
71,Male,Healthcare,13.7,9.7,,1,6,Yes,1 cup,Overweight,Yes,,1,1.0,2,,16.7
52,Male,Unemployed,11.8,5.6,3-5x/week,3,9,No,,Normal,Yes,2.0,0,,0,0.4589181286549707,
33,Female,Remote Worker,8.8,10.1,,18,8,No,,Normal,No,,0,,0,,
78,Male,Student,4.6,4.0,1-2x/week,5,8,No,1 cup,Overweight,No,1.0,0,1.0,2,0.2880116959064327,7.6
58,Female,Engineer,5.2,6.2,,0,8,Yes,1 cup,Normal,Yes,,1,1.0,0,,6.2
53,Male,Engineer,11.2,11.8,3-5x/week,16,7,No,2-3 cups,Normal,No,2.0,0,2.0,0,0.7466374269005848,13.2
50,Prefer not to say,Healthcare,12.9,10.1,1-2x/week,7,8,No,1 cup,Overweight,No,1.0,0,1.0,2,0.48377192982456135,15.9
21,Male,Engineer,10.4,7.5,,18,6,No,4+ cups,Normal,No,,0,3.0,0,,13.4
50,Male,Unemployed,12.3,6.1,3-5x/week,0,2,No,,Overweight,No,2.0,0,,2,0.23888888888888887,
31,Prefer not to say,Unemployed,11.7,10.8,1-2x/week,4,2,No,,Underweight,No,1.0,0,,3,0.2970760233918129,
38,Female,Healthcare,3.1,7.9,,15,8,No,,Overweight,No,,0,,2,,
65,Female,Unemployed,6.9,9.8,,5,1,No,,Normal,Yes,,0,,0,,
37,Male,Remote Worker,3.1,9.8,,7,6,No,1 cup,Underweight,No,,0,1.0,3,,7.1
73,Male,Healthcare,4.3,3.2,,12,6,No,2-3 cups,Overweight,No,,0,2.0,2,,8.3
25,Female,Remote Worker,13.2,4.1,1-2x/week,15,4,No,,Normal,No,1.0,0,,0,0.31125730994152045,
24,Non-binary,Student,7.6,8.9,3-5x/week,2,10,No,4+ cups,Normal,No,2.0,0,3.0,0,0.5652046783625732,10.6
20,Female,Remote Worker,8.5,4.5,1-2x/week,18,3,No,2-3 cups,Underweight,No,1.0,0,2.0,3,0.3340643274853801,13.5
34,Female,Student,3.5,5.3,,11,3,Yes,1 cup,Normal,Yes,,1,1.0,0,,4.5
50,Male,Student,5.4,11.5,,15,1,No,,Normal,No,,0,,0,,
65,Female,Remote Worker,4.2,8.0,,10,3,No,,Underweight,No,,0,,3,,
29,Male,Healthcare,3.9,9.8,1-2x/week,9,4,No,,Obese,No,1.0,0,,1,0.3906432748538012,
76,Male,Unemployed,9.9,8.0,3-5x/week,19,5,No,,Underweight,Yes,2.0,0,,3,0.625,
68,Male,Unemployed,4.6,8.0,,3,3,No,1 cup,Normal,No,,0,1.0,0,,5.6
39,Female,Student,9.8,3.8,3-5x/week,11,6,No,1 cup,Normal,No,2.0,0,1.0,0,0.43084795321637426,10.8
72,Male,Student,1.8,6.1,3-5x/week,1,5,Yes,1 cup,Normal,Yes,2.0,1,1.0,0,0.3353801169590643,2.8
39,Male,Healthcare,3.0,5.5,1-2x/week,18,3,No,4+ cups,Obese,No,1.0,0,3.0,1,0.36184210526315785,7.0
63,Female,Engineer,4.8,6.5,3-5x/week,4,6,No,2-3 cups,Normal,No,2.0,0,2.0,0,0.4137426900584795,6.8
47,Male,Remote Worker,9.4,10.2,1-2x/week,7,6,No,4+ cups,Obese,No,1.0,0,3.0,1,0.4309941520467836,13.4
55,Female,Student,10.5,6.3,1-2x/week,6,8,No,,Normal,No,1.0,0,,0,0.36505847953216375,
55,Male,Unemployed,7.2,7.1,1-2x/week,13,2,No,1 cup,Overweight,No,1.0,0,1.0,2,0.31271929824561395,10.2
62,Female,Healthcare,7.2,6.6,1-2x/week,2,1,No,1 cup,Normal,No,1.0,0,1.0,0,0.12631578947368421,8.2
68,Female,Remote Worker,11.1,3.8,,17,4,Yes,,Overweight,No,,1,,2,,
71,Male,Healthcare,1.2,7.0,1-2x/week,15,7,Yes,,Normal,No,1.0,1,,0,0.4751461988304093,
25,Male,Remote Worker,5.8,4.8,,18,10,Yes,2-3 cups,Normal,No,,1,2.0,0,,7.8
44,Male,Remote Worker,12.5,4.7,1-2x/week,18,3,No,2-3 cups,Normal,Yes,1.0,0,2.0,0,0.33961988304093566,14.5
44,Male,Student,9.4,3.8,,17,3,No,1 cup,Normal,Yes,,0,1.0,0,,10.4
51,Prefer not to say,Healthcare,5.7,6.2,Daily,19,5,No,1 cup,Obese,No,3.0,0,1.0,1,0.7,7.7
38,Male,Healthcare,13.7,9.8,3-5x/week,15,5,No,1 cup,Normal,No,2.0,0,1.0,0,0.6223684210526317,14.7
47,Female,Unemployed,11.8,5.5,1-2x/week,7,10,No,,Normal,No,1.0,0,,0,0.41154970760233917,
50,Male,Unemployed,4.7,5.8,,0,3,No,1 cup,Overweight,No,,0,1.0,2,,7.7
45,Female,Student,10.0,8.8,3-5x/week,16,9,No,,Normal,No,2.0,0,,0,0.718859649122807,
64,Female,Student,9.3,4.8,3-5x/week,11,4,No,,Obese,Yes,2.0,0,,1,0.40307017543859647,
50,Female,Engineer,6.6,11.1,3-5x/week,10,3,No,4+ cups,Overweight,No,2.0,0,3.0,2,0.5371345029239766,11.6
22,Female,Unemployed,6.1,7.7,,4,2,No,1 cup,Normal,No,,0,1.0,0,,7.1
77,Male,Remote Worker,5.8,7.0,1-2x/week,11,10,Yes,2-3 cups,Overweight,No,1.0,1,2.0,2,0.5058479532163742,9.8
78,Male,Healthcare,9.6,8.0,,16,9,No,1 cup,Underweight,No,,0,1.0,3,,13.6
65,Non-binary,Student,7.2,4.5,,5,4,Yes,1 cup,Normal,No,,1,1.0,0,,8.2
36,Female,Healthcare,12.6,8.5,3-5x/week,0,3,No,1 cup,Normal,No,2.0,0,1.0,0,0.33333333333333337,13.6
21,Prefer not to say,Healthcare,10.4,6.3,3-5x/week,4,7,No,,Normal,Yes,2.0,0,,0,0.4359649122807017,
52,Male,Engineer,2.0,11.1,1-2x/week,13,8,No,,Overweight,No,1.0,0,,2,0.5904970760233917,
66,Female,Unemployed,10.0,4.5,3-5x/week,4,2,Yes,2-3 cups,Obese,No,2.0,1,2.0,1,0.2470760233918129,13.0
34,Non-binary,Student,4.8,7.6,1-2x/week,0,7,No,2-3 cups,Normal,No,1.0,0,2.0,0,0.2944444444444444,6.8
61,Male,Healthcare,9.3,8.4,1-2x/week,17,5,Yes,1 cup,Normal,Yes,1.0,1,1.0,0,0.4847953216374269,10.3
45,Male,Student,10.5,3.3,1-2x/week,15,5,No,1 cup,Obese,No,1.0,0,1.0,1,0.31681286549707605,12.5
47,Female,Remote Worker,4.2,6.3,Daily,8,3,Yes,4+ cups,Normal,Yes,3.0,1,3.0,0,0.5024853801169591,7.2
46,Female,Engineer,7.4,9.6,,18,5,No,,Normal,No,,0,,0,,
63,Female,Remote Worker,3.7,10.4,Daily,4,2,No,1 cup,Normal,No,3.0,0,1.0,0,0.5359649122807018,4.7
70,Male,Student,1.7,5.8,3-5x/week,1,4,No,1 cup,Obese,Yes,2.0,0,1.0,1,0.2992690058479532,3.7
23,Female,Student,6.3,10.2,,14,6,Yes,2-3 cups,Normal,No,,1,2.0,0,,8.3
52,Male,Unemployed,6.1,11.7,1-2x/week,6,1,Yes,4+ cups,Overweight,Yes,1.0,1,3.0,2,0.32061403508771924,11.1
77,Male,Healthcare,14.9,10.7,3-5x/week,3,10,No,1 cup,Overweight,No,2.0,0,1.0,2,0.6283625730994151,17.9
58,Male,Healthcare,7.2,4.1,1-2x/week,0,4,No,2-3 cups,Normal,No,1.0,0,2.0,0,0.11388888888888887,9.2
54,Female,Remote Worker,5.7,9.7,Daily,12,6,No,2-3 cups,Normal,Yes,3.0,0,2.0,0,0.7328947368421053,7.7
41,Female,Engineer,9.1,5.9,Daily,19,9,Yes,1 cup,Overweight,Yes,3.0,1,1.0,2,0.8027777777777778,12.1
46,Female,Healthcare,2.2,11.9,1-2x/week,6,2,No,1 cup,Normal,No,1.0,0,1.0,0,0.3539473684210527,3.2
66,Male,Unemployed,14.5,7.4,1-2x/week,14,7,Yes,1 cup,Overweight,Yes,1.0,1,1.0,2,0.47309941520467835,17.5
63,Female,Remote Worker,9.9,4.1,Daily,13,6,Yes,4+ cups,Obese,Yes,3.0,1,3.0,1,0.5904970760233919,13.9
70,Male,Remote Worker,11.6,9.5,1-2x/week,18,2,No,,Overweight,No,1.0,0,,2,0.4451754385964912,
48,Female,Unemployed,3.4,5.9,,19,8,No,2-3 cups,Overweight,No,,0,2.0,2,,7.4
52,Male,Engineer,6.7,12.0,,17,7,Yes,1 cup,Overweight,No,,1,1.0,2,,9.7
77,Male,Unemployed,6.9,11.8,1-2x/week,9,5,Yes,2-3 cups,Overweight,Yes,1.0,1,2.0,2,0.4739766081871345,10.9
50,Female,Engineer,12.5,8.9,Daily,8,5,Yes,1 cup,Normal,No,3.0,1,1.0,0,0.6302631578947369,13.5
69,Male,Unemployed,1.0,4.2,3-5x/week,7,7,No,1 cup,Underweight,Yes,2.0,0,1.0,3,0.4171052631578947,5.0
78,Female,Unemployed,5.2,9.2,1-2x/week,9,9,No,2-3 cups,Normal,Yes,1.0,0,2.0,0,0.5128654970760234,7.2
38,Female,Student,14.7,3.8,,16,9,Yes,2-3 cups,Overweight,No,,1,2.0,2,,18.7
49,Male,Remote Worker,7.6,3.3,,1,9,Yes,2-3 cups,Normal,No,,1,2.0,0,,9.6
40,Female,Unemployed,6.4,10.4,3-5x/week,5,6,No,,Overweight,Yes,2.0,0,,2,0.535233918128655,
50,Male,Unemployed,2.7,4.9,,4,10,No,2-3 cups,Normal,No,,0,2.0,0,,4.7
20,Female,Healthcare,14.6,6.4,,8,6,No,,Overweight,No,,0,,2,,
35,Non-binary,Remote Worker,1.3,11.8,,4,3,Yes,1 cup,Normal,No,,1,1.0,0,,2.3
42,Female,Healthcare,11.3,6.0,1-2x/week,17,1,Yes,1 cup,Overweight,No,1.0,1,1.0,2,0.3070175438596491,14.3
59,Male,Remote Worker,11.8,5.7,Daily,19,7,No,1 cup,Normal,No,3.0,0,1.0,0,0.7416666666666667,12.8
48,Non-binary,Healthcare,4.4,11.3,,8,4,No,1 cup,Normal,Yes,,0,1.0,0,,5.4
71,Female,Unemployed,10.4,4.0,1-2x/week,16,1,Yes,4+ cups,Normal,Yes,1.0,1,3.0,0,0.23830409356725146,13.4
75,Male,Unemployed,2.3,9.8,1-2x/week,16,8,No,,Overweight,No,1.0,0,,2,0.593859649122807,
20,Male,Student,4.6,11.9,Daily,11,6,Yes,2-3 cups,Normal,No,3.0,1,2.0,0,0.7808479532163742,6.6
57,Female,Healthcare,12.0,11.1,,6,6,No,1 cup,Normal,No,,0,1.0,0,,13.0
63,Female,Engineer,13.1,8.9,1-2x/week,2,2,No,,Obese,No,1.0,0,,1,0.21798245614035092,
41,Female,Student,9.5,5.8,1-2x/week,9,1,Yes,,Overweight,No,1.0,1,,2,0.1961988304093567,
67,Female,Healthcare,8.1,5.3,3-5x/week,1,2,No,4+ cups,Obese,No,2.0,0,3.0,1,0.22982456140350876,12.1
49,Female,Healthcare,3.2,10.4,1-2x/week,2,4,No,2-3 cups,Normal,No,1.0,0,2.0,0,0.31520467836257304,5.2
64,Male,Student,1.9,10.9,,15,2,No,4+ cups,Normal,No,,0,3.0,0,,4.9
